Variation Name	Chromosome name	Chromosome position start (bp)	Chromosome position end (bp)	Minor allele (ALL)	Strand	Variant Alleles
rs1042077	7	117235055	117235055	G	1	T/G
rs1800130	7	117282644	117282644	G	1	A/G
rs1800136	7	117307108	117307108	A	1	G/A
rs62469440	7	117188739	117188739	C	1	T/C
rs1141608	X	148582549	148582549	A	1	G/A
rs16940	17	41245237	41245237	G	1	A/G
rs1060915	17	41234470	41234470	G	1	A/G
rs1799949	17	41245466	41245466	A	1	G/A
rs1126535	X	135730555	135730555	C	1	T/C
rs1264194	3	48625266	48625266	T	1	T/C
rs2728118	4	88929305	88929305	A	1	G/A
rs5929	19	11226800	11226800	T	1	C/T
rs688	19	11227602	11227602	T	1	C/T
rs5925	19	11230881	11230881	C	1	T/C
rs5927	19	11233941	11233941	A	1	A/G
rs5930	19	11224265	11224265	A	1	A/G
rs14158	19	11242044	11242044	A	1	G/A
rs1799898	19	11227554	11227554	T	1	C/T
rs2228671	19	11210912	11210912	T	1	C/T
rs4641	1	156107534	156107534	T	1	C/T
rs538089	1	156105028	156105028	C	1	T/C
rs505058	1	156106185	156106185	C	1	T/C
rs412777	7	94041937	94041937	C	1	A/C
rs1800238	7	94047050	94047050	T	1	G/T
rs1800222	7	94030899	94030899	C	1	T/C
rs1800248	7	94056349	94056349	T	1	C/T
rs1801182	7	94027699	94027699	C	1	T/C
rs1801184	2	189864582	189864582	C	1	T/C
rs7579903	2	189862097	189862097	A	1	G/A
rs4681	4	155490832	155490832	T	1	C/T
rs6056	4	155488821	155488821	T	1	C/T
rs316	8	19818436	19818436	A	1	C/A
rs1121923	8	19809435	19809435	A	1	G/A
rs1801052	17	29508775	29508775	G	1	G/A
rs2285892	17	29553485	29553485	A	1	G/A
rs1801188	X	31697636	31697636	G	1	A/G
rs1800265	X	32716110	32716110	T	1	C/T
rs5927083	X	32591931	32591931	C	1	T/C
rs713040	11	5248243	5248243	A	1	A/C/G/T
rs1131488	11	118962230	118962230	T	1	G/T
